Name,Email,Age,Salary,Join_Date,Department
Carl Foster,dicksonmichael@example.org,unknown,,2003-11-27,it
Carl Evans,heather64@example.net,36,N/A,32-13-2020,it
Victor Horn,luis96@example.net,unknown,116718,2008-04-22,Sales
Christopher Golden,wharrison@example.com,,,1973-08-03,Hr
Suzanne Crawford,invalid_email,35,92342,2004-05-27,Hr
John Henderson,adam10@example.org,unknown,51367,2022-12-13,Sales
Kenneth Navarro,invalid_email,45,,1995-04-19,IT
Tracy Smith,christopher86@example.net,unknown,N/A,32-13-2020,Sales
Brian Wilcox,perezjonathan@example.net,40,104222,2001-10-31,Sales
,patrickreynolds@example.org,,,1980-12-08,Hr
Shari Robinson,michaelmitchell@example.net,57,N/A,2003-11-29,IT
Robert Vargas,qrodriguez@example.org,,,2025-08-24,Hr
Mr. Juan Bryan,bradyjacob@example.net,unknown,,1998-05-08,Hr
Matthew Evans DDS,cartersteven@example.com,,,2009-12-28,IT
Katherine Henderson,michelleshannon@example.com,18,N/A,2019-06-09,it
Danielle Young,frazierbetty@example.org,50,67950,32-13-2020,
Jeffrey Sanders,lopezdebra@example.com,59,48076,32-13-2020,IT
Samuel Dennis,tandrade@example.com,58,,32-13-2020,Hr
,ashleysoto@example.net,unknown,,2005-02-08,Sales
Ashley Thomas,juliancampbell@example.net,37,92216,2008-06-12,Hr
Patrick Cowan,invalid_email,39,N/A,1972-08-19,HR
Chase Torres,williamking@example.org,51,,1999-07-16,Sales
Susan Brooks,lallen@example.com,unknown,N/A,1988-11-02,it
,johnsonjohn@example.net,,48950,2008-08-20,HR
Brent Soto,rcohen@example.org,,,1985-07-19,IT
Amanda Brown,pamela53@example.org,,N/A,1997-06-10,Hr
Jorge Lee,kaylacarter@example.org,,107647,2001-06-10,
Christopher Reeves,invalid_email,,87618,1971-01-31,IT
David Deleon,linda90@example.com,34,,2015-11-01,Hr
Paul Davis,invalid_email,,,1977-04-20,Hr
,gregoryjared@example.net,34,54962,1983-12-17,Sales
Rose Morrison,kimberlyshepherd@example.org,unknown,,2008-02-08,it
Matthew Rivera,copelandgeorge@example.org,unknown,N/A,1997-08-24,it
Jennifer Paul,invalid_email,44,,32-13-2020,IT
Bruce Jones,michelle30@example.com,,101603,2012-06-10,IT
,hicksscott@example.net,unknown,N/A,1999-03-25,Sales
Mark Wilson,fhanna@example.net,58,,1975-09-11,it
Jessica Rodriguez,pday@example.org,unknown,48556,2014-12-27,HR
Timothy Mason,andrewking@example.org,unknown,37033,32-13-2020,
Cindy Cooper,caitlinpark@example.net,unknown,107555,1986-03-20,IT
Luke Smith,invalid_email,31,N/A,2017-02-11,it
Melissa Thomas,msavage@example.org,unknown,,2021-04-14,Hr
Christine Robinson,invalid_email,unknown,,1971-05-24,Hr
,morrisalejandro@example.net,42,,1971-03-09,Sales
Shannon Hampton,invalid_email,,N/A,2021-02-10,Sales
Amanda Jones,smithtyler@example.org,48,,2010-01-03,IT
Jessica Gardner,martineztraci@example.org,unknown,,2001-05-02,IT
Bryan Hatfield,jeffrey67@example.org,unknown,N/A,2021-12-17,Sales
Elizabeth Anderson,wfarrell@example.com,unknown,34598,32-13-2020,Sales
Matthew Lewis,william44@example.net,39,58062,2001-09-19,IT
Hannah Cannon,invalid_email,,N/A,2008-03-22,Hr
Margaret Huber,timothypitts@example.com,29,,1979-01-03,Sales
Dr. Andrew Williams,invalid_email,18,N/A,1970-08-27,
Joshua Davis,gregory37@example.com,,N/A,1981-09-01,it
Lisa Schaefer,sarah24@example.com,25,66407,2025-04-13,
Emily Frey,hernandezchelsea@example.net,,,1990-12-19,HR
Ryan Massey,invalid_email,unknown,N/A,1981-04-15,Sales
Edwin Long,zbaker@example.com,33,46866,32-13-2020,
Jennifer Atkinson,oanderson@example.net,,36477,2013-07-01,IT
Jimmy Olson,laurie87@example.org,32,N/A,2016-07-06,
David Rocha,scott62@example.org,28,,2022-09-09,Hr
Joseph Flores,invalid_email,58,N/A,32-13-2020,HR
Christian Brown,invalid_email,unknown,N/A,1984-06-21,it
David Miller,jessicagriffin@example.com,48,41873,2001-12-20,Hr
,omar20@example.org,unknown,,1986-06-06,it
Caitlyn Moore,invalid_email,58,58634,2011-09-06,
Debra Kirk DVM,invalid_email,,N/A,32-13-2020,IT
Jessica Suarez,umartinez@example.net,unknown,34598,2020-04-30,IT
Bruce Perez,invalid_email,,,2014-12-07,Sales
Donna Kidd,adkinsjoshua@example.com,47,N/A,32-13-2020,it
David Sutton,invalid_email,unknown,41764,1973-05-24,IT
,johnsonmegan@example.org,unknown,,2015-12-30,HR
Joseph Porter,beverly75@example.com,unknown,N/A,2006-09-15,Sales
Marcus Stone,jenniferbrooks@example.org,,77921,2002-03-27,
Nicholas Long,lclark@example.org,,81203,1984-07-12,it
Tammy Smith,cooperjoe@example.net,,84643,1996-09-18,
,williamscassandra@example.net,48,,2008-01-06,Hr
Amber Taylor,smithnicole@example.net,32,N/A,1978-02-11,it
Mr. Michael Anderson,invalid_email,unknown,35033,32-13-2020,
Robert Bryant,andersonmelinda@example.org,,N/A,32-13-2020,Hr
Jennifer Estrada,keith41@example.org,,,2000-02-05,Hr
Julia Dyer,jonathancarter@example.com,60,N/A,2004-09-01,IT
Brandon Franklin,qlandry@example.com,unknown,,1996-05-18,it
Holly Ray,invalid_email,56,N/A,2016-08-27,IT
,samanthaleblanc@example.org,unknown,N/A,2000-03-30,Sales
Deborah Chapman,kmalone@example.com,,62241,1996-03-03,Hr
Marie Stout,invalid_email,,,2015-11-22,Hr
Gwendolyn Lopez,johnsonjuan@example.org,49,,1996-04-11,IT
Thomas Edwards,invalid_email,,92476,32-13-2020,Sales
Eric Banks V,invalid_email,,115485,1990-02-17,IT
Donald David,kim71@example.com,,,32-13-2020,
Mary Jackson,spencer76@example.com,unknown,,32-13-2020,IT
Lisa Poole,invalid_email,28,110578,1977-12-19,IT
William Farmer,fallen@example.org,,N/A,2001-02-21,HR
Amanda Lawson,sharonrangel@example.org,unknown,N/A,2008-06-25,Hr
Misty Stephenson,robert97@example.net,unknown,43510,2022-06-20,IT
Micheal Henry,elliottlauren@example.com,19,,1981-01-21,Sales
Andrea Thompson,invalid_email,23,N/A,1973-05-28,HR
Michelle Smith,invalid_email,unknown,108684,2014-01-21,HR
Veronica Medina,invalid_email,20,112147,2023-02-24,
Evan Hutchinson,matthewslydia@example.org,,,1990-05-26,Sales
James Pitts,joshua23@example.org,51,N/A,2012-01-29,IT
Andrea Ramirez,brian32@example.com,unknown,N/A,2000-02-11,it
Jennifer Webb,xlynch@example.org,unknown,,32-13-2020,it
Justin Rogers,craig45@example.org,unknown,,2016-07-17,it
,fmoore@example.org,unknown,101418,2023-09-08,IT
Yvonne Bush,michelle05@example.net,38,N/A,2016-10-08,Hr
Glenda Murillo,donaldthomas@example.net,unknown,39992,2025-05-21,IT
Kelsey Mccarty,invalid_email,52,,2025-11-30,HR
Natasha Adams,iwatson@example.org,27,,1974-01-11,Sales
Laura Mahoney,john73@example.org,unknown,N/A,32-13-2020,Sales
Michael Escobar,mestes@example.net,30,,32-13-2020,Sales
Jeffrey Hardin,taramathis@example.net,,98295,1973-04-27,it
Rachel Wagner,craig06@example.net,30,N/A,32-13-2020,Sales
Marc Murphy,invalid_email,unknown,,1984-01-14,
,avilanatasha@example.com,unknown,,32-13-2020,IT
Preston Thompson,jbarton@example.com,26,,32-13-2020,Hr
Erin Tucker,invalid_email,26,,32-13-2020,it
Michael Nielsen,invalid_email,25,,1990-06-10,Hr
Diana Baird,jspencer@example.org,,43830,1979-09-22,Sales
,deborah63@example.org,unknown,N/A,1989-06-09,it
Hannah Smith,invalid_email,37,N/A,2005-01-29,
Jared Wilcox,invalid_email,59,32786,1976-10-07,Sales
Jeremy Stewart,matthewharmon@example.org,,,2011-03-29,Sales
Gabriela Roberts,smithlisa@example.net,,,1974-02-18,IT
Thomas Fernandez,katherinemiller@example.net,34,30616,1986-05-09,Sales
Jennifer Morrison,charlesmorrison@example.net,unknown,67904,1976-10-04,Sales
William Jones,hreynolds@example.org,30,N/A,1998-02-10,Sales
,raymond39@example.org,19,,2020-06-14,
Keith Calderon,invalid_email,,,32-13-2020,Sales
Kevin Matthews,normanchristina@example.org,,N/A,1983-08-09,IT
Jeremy Bishop,invalid_email,,N/A,2013-12-18,Hr
Adam Carpenter,rhonda17@example.org,19,47890,2010-10-18,Sales
,lauriegibson@example.com,unknown,67591,2000-08-04,
,brian87@example.net,unknown,50053,32-13-2020,
James Mcdonald,joannaesparza@example.org,51,62802,1988-12-03,Hr
Mrs. Catherine Riddle,sethwiggins@example.net,unknown,54646,2001-03-03,Sales
,invalid_email,,,32-13-2020,Sales
Teresa Hoffman,brookslarry@example.org,unknown,,2020-06-24,HR
Dana Wolf,ebonyjohnson@example.com,unknown,,1993-02-15,it
Jaime Flynn,courtney00@example.net,59,83122,1971-07-28,it
Mary Taylor,heatherhawkins@example.com,49,N/A,32-13-2020,
Karen Bush,suarezpamela@example.com,,,1976-06-08,Hr
Emma Moran,smithmichael@example.com,unknown,109147,1999-11-11,Hr
Robert Hicks,westreginald@example.com,,,2025-01-20,Hr
Todd Soto,invalid_email,unknown,N/A,1978-03-15,Hr
James Perez,ievans@example.com,unknown,,2020-04-15,HR
Rachel Cardenas,millerdaniel@example.net,,104691,32-13-2020,Sales
Joyce Castaneda,osmith@example.net,51,,2014-06-04,IT
,ramosalice@example.org,45,55925,2019-05-03,HR
Kimberly Smith,invalid_email,unknown,,2003-09-24,IT
Mark Evans,brownjames@example.org,unknown,N/A,32-13-2020,it
Kristy Middleton,turnerpamela@example.com,unknown,N/A,1990-04-23,it
Spencer Butler,conwaywilliam@example.org,unknown,N/A,1996-07-01,
Christopher Garcia,evelynbaker@example.org,,89040,2015-03-22,IT
,invalid_email,,,1988-10-29,HR
Allison Mcconnell,brianjohnson@example.org,unknown,,2017-11-30,IT
,jared57@example.com,unknown,N/A,1995-09-18,HR
Steve Mason,martincolleen@example.com,unknown,N/A,1982-11-28,
Carlos Fisher,vsmith@example.com,45,N/A,32-13-2020,IT
Laura Burgess,randallburns@example.net,48,,1995-08-08,Sales
,invalid_email,,42944,1975-04-10,Hr
,invalid_email,,,2019-11-15,Hr
Cynthia Gill,robertmoreno@example.net,unknown,N/A,2007-09-04,Sales
,amoore@example.com,unknown,,1989-08-05,
Alexandria Mckinney,rachel31@example.net,53,N/A,1988-08-12,HR
Robert Harvey,bdelacruz@example.org,unknown,N/A,1970-09-03,
Michael Leach,jason24@example.net,,95415,2025-12-18,it
Jessica Smith,nadkins@example.com,60,32547,32-13-2020,HR
Cindy Erickson,invalid_email,35,,1996-11-17,HR
Jillian Washington,william00@example.org,26,,2001-10-22,Hr
Cheyenne Hensley,invalid_email,39,59980,2002-11-01,HR
Carl Smith,cassandra04@example.net,55,93557,1981-01-19,Sales
Mary Miller,meyereric@example.com,unknown,,1978-04-08,it
Destiny Davis,invalid_email,,N/A,2004-02-10,IT
Matthew Greer,stacy63@example.net,,,2017-05-02,HR
Lisa Navarro,garrettelizabeth@example.com,,,2016-12-07,
Christopher Stewart,cannonjohn@example.org,,43075,1989-04-19,HR
Holly West,carol76@example.org,,N/A,32-13-2020,Hr
,cookrandall@example.com,30,N/A,32-13-2020,it
,jaredsnow@example.com,,,2006-02-01,HR
,paulallison@example.com,unknown,N/A,1992-02-27,IT
Ruth Grant,invalid_email,unknown,,2022-06-16,Sales
Steven Ray,denise84@example.org,unknown,104984,1990-07-07,it
Isabel Roberts,invalid_email,,33125,1972-11-24,it
Janet Medina,ygreen@example.org,unknown,41406,2010-05-02,Sales
,amyjohnson@example.org,,,1999-09-04,it
Blake Wheeler,dawnhorton@example.net,unknown,38769,1992-04-05,Hr
,alexanderdarius@example.com,unknown,89490,1996-01-06,Hr
Shawn Harrell,stephenharris@example.net,unknown,,2005-07-07,Hr
Stephanie Pitts,invalid_email,,N/A,2001-09-15,
Sara Williams,buchananbrady@example.net,,N/A,2010-06-16,it
Robert Rios,sphelps@example.org,unknown,N/A,2012-09-04,Hr
Robert Smith,melissamartinez@example.net,,N/A,2024-11-27,it
Taylor Jones,plittle@example.com,20,93685,1983-12-08,Hr
,dwells@example.net,unknown,79234,2006-09-30,it
Carol Bender,kimberly89@example.com,unknown,,32-13-2020,HR
Stephen Thomas,joy64@example.net,41,,1996-03-18,Hr
Brian Miranda,stephanie50@example.org,unknown,N/A,2016-01-31,IT
Robert Barton,robinsonellen@example.org,unknown,N/A,1976-02-26,Hr
,rhondarichardson@example.net,,N/A,1975-11-16,IT
Bryan Wolfe,tbrooks@example.org,,35809,1992-03-05,Sales
Lindsey Pratt,curtisandrea@example.com,,N/A,1992-09-17,HR
,daniellecrawford@example.com,,85995,1975-10-07,HR
Yvette Navarro,lopezmark@example.net,unknown,,2010-11-27,
Oscar Reed,mcdanielrobert@example.com,,,2014-11-07,Sales
Crystal Moore,glencoffey@example.com,,,2010-05-26,it
Samuel Martinez,beltrangabriela@example.net,54,97530,1987-04-10,IT
James Johnson,crystalbenitez@example.com,,,2000-06-05,HR
Jimmy Newman,invalid_email,,,32-13-2020,IT
Joshua Nunez,jessica84@example.com,,,2016-09-06,Sales
Tara Kaufman,invalid_email,,,1990-01-03,IT
Heather Simpson,smithmichael@example.net,unknown,48350,1970-03-01,IT
Kenneth Terrell,tmatthews@example.net,,,1970-02-26,IT
,ewilliams@example.org,,N/A,2020-05-29,it
Keith West DVM,markhunter@example.com,unknown,N/A,32-13-2020,Sales
Derek Smith,gcruz@example.net,unknown,,2001-07-21,Sales
Mr. Kevin Rosario,hollyhicks@example.net,unknown,N/A,2014-05-23,Sales
,castillocheryl@example.com,,N/A,2009-12-26,Sales
Elizabeth Gardner,christian02@example.com,36,N/A,1997-02-15,
Nichole Murphy,ahughes@example.org,unknown,,1980-06-29,IT
,kim69@example.org,unknown,44671,2001-01-25,IT
Alicia Sanchez,invalid_email,55,N/A,32-13-2020,Sales
Sarah Rodriguez,madison16@example.org,,N/A,2007-12-29,IT
Lauren Fisher,tristanmann@example.org,,N/A,1975-08-21,
John Russell,darlenekline@example.com,56,,32-13-2020,HR
Ronnie Brown,ravenwilson@example.net,60,N/A,1985-04-06,it
Edward Coleman,zrichard@example.com,,N/A,2013-06-11,Sales
Beth Ibarra,invalid_email,,,1970-10-02,Hr
,dukeshannon@example.com,,,32-13-2020,
Michael Clark,invalid_email,,N/A,1990-03-21,HR
Susan Thornton,fernandezkevin@example.net,21,N/A,32-13-2020,Sales
Stacey Rollins,fwilliams@example.org,34,117682,2017-12-04,it
Kristi Cruz,summer51@example.com,42,,2022-09-28,Sales
Joann Humphrey,laurajones@example.org,,N/A,1991-10-23,Hr
Ethan Peterson,nancysmith@example.com,20,104931,2016-09-17,Hr
Robert Sanchez,wheelercraig@example.net,,N/A,32-13-2020,Sales
Donald Eaton,diazstephanie@example.org,,48953,1984-11-26,Sales
Laura Reid,invalid_email,unknown,42514,2006-07-12,HR
,sierrawilliams@example.com,,,32-13-2020,Hr
Lisa Carrillo,alanthompson@example.org,unknown,,1974-02-21,Hr
Michelle Horton,danieloneill@example.net,48,N/A,2005-09-04,IT
Melissa Mcbride,adamssean@example.org,46,57519,2004-10-23,IT
Gina Rios,invalid_email,unknown,N/A,2013-04-18,Sales
Amber Hamilton,zoe39@example.net,25,N/A,2006-01-11,IT
Christopher Miller,invalid_email,,N/A,2021-06-29,IT
Angel Jordan,sonyasmith@example.com,,,32-13-2020,
Ashley Kim,daniel30@example.com,unknown,,1985-06-26,Hr
Makayla Ortiz,harveymichael@example.org,unknown,,1974-01-21,it
Anthony Chen,emilywilliams@example.org,26,N/A,1976-07-12,Hr
Ryan Aguilar,lauraadams@example.com,,70130,32-13-2020,IT
Angela Williams,invalid_email,,,1992-02-10,
Barbara Jackson,michaelaguilar@example.net,unknown,N/A,1978-04-04,it
Caitlin Lowery,antonio20@example.org,,73938,1985-05-02,HR
Angela Potts,lambzachary@example.com,,52048,1998-07-03,HR
Colin Harrison,invalid_email,24,N/A,32-13-2020,Hr
Melissa Grant,jgoodwin@example.org,39,,2016-01-19,IT
Kelly Young,jasonwilliams@example.net,27,,2000-02-15,IT
Michael Perez,invalid_email,unknown,64556,1981-04-17,it
Sharon Gillespie,kristinajones@example.com,,43849,32-13-2020,Hr
Gary Hanson,ruthhernandez@example.com,unknown,,1972-05-04,HR
Megan Delgado,johnny54@example.net,unknown,72384,1980-03-25,Hr
Steven Davis,emarshall@example.net,,,1970-11-25,HR
Edward Arroyo,hawkinsricardo@example.org,unknown,,2018-10-12,Sales
David Powell,qhill@example.com,20,N/A,2003-03-05,Hr
Brian Salazar,shawnmitchell@example.org,39,,32-13-2020,
Derrick Hoffman,lawrencecrawford@example.org,unknown,,2020-07-09,Sales
Justin Rose,susanmiller@example.net,unknown,64691,1977-06-03,it
,wongkristen@example.org,,108187,1989-03-14,Hr
Regina Ward,patrick01@example.net,unknown,108165,2009-02-24,Hr
Kurt Small,tylerterri@example.net,19,65771,2010-09-01,HR
,callahanzachary@example.org,50,,1975-08-29,Sales
,fharris@example.com,,109014,1978-06-29,it
Abigail Barnes,petersondaniel@example.org,22,115077,2017-08-27,
Randall Jackson,myersglenn@example.com,32,58780,2021-10-30,Hr
John Morris,davidrowland@example.com,,35523,1989-04-16,HR
Mark Gardner,invalid_email,unknown,N/A,2005-11-16,HR
Anna Ramos,jmiller@example.org,,N/A,32-13-2020,
Johnny Gonzales,harrisondonna@example.com,,,2010-11-21,
Dr. Kimberly Kirk,zjacobson@example.com,,,2012-04-06,
Hannah Wolf,mccarthyandrew@example.net,unknown,N/A,32-13-2020,
Janet Mcconnell,invalid_email,33,,32-13-2020,it
Michelle Alexander,charles79@example.com,,,1977-06-09,IT
David Irwin,lori01@example.org,,,1987-06-19,HR
,lindsey92@example.com,unknown,N/A,2011-02-17,Hr
Candice Greene,invalid_email,,,1975-05-12,IT
Jonathan Bennett,alexanderwilliams@example.org,20,N/A,1999-05-28,it
Michael Mccormick,jonespam@example.org,,,1978-11-05,IT
Deanna Johnson,invalid_email,unknown,N/A,2002-05-28,
Angela Simpson,danielle92@example.net,unknown,N/A,2018-03-11,Sales
,jdavis@example.com,,N/A,1985-08-03,Hr
John Hayden,aliciaduncan@example.org,48,30524,1997-03-27,HR
Frank Morris,invalid_email,59,,1992-01-26,Hr
,oschneider@example.net,38,,1997-07-31,Sales
Brandy Mccullough,albertmcmillan@example.org,59,N/A,32-13-2020,HR
Michael Dunn,williamtucker@example.org,,N/A,1976-11-28,it
Christopher Clark,josephhardy@example.org,unknown,,1996-08-03,Sales
,invalid_email,22,,1997-12-16,HR
Justin Blackwell DDS,leslierobinson@example.org,unknown,38261,2025-07-02,Sales
Robert White,invalid_email,,90415,1985-06-10,Sales
Heather Brown,shortjohn@example.net,37,,32-13-2020,IT
Daniel Fischer,christopherwebb@example.net,,43601,1971-08-24,HR
Andrew Williams,nancy70@example.org,33,,32-13-2020,Sales
Robert Howard,buchananmarc@example.org,,,2012-09-14,Sales
Carrie Gilbert,meadowstina@example.org,,N/A,2009-03-11,Hr
Jose Buchanan,shawn51@example.com,,54495,1977-12-18,HR
Michael Bowman,whitney42@example.com,,N/A,2013-11-13,HR
Brandon Kim,debra80@example.net,53,N/A,1976-11-17,HR
Jennifer Stanley,besparza@example.com,,,2014-02-27,Sales
Corey Chambers,brendan12@example.org,,,1991-07-23,Hr
Courtney Allen,morganrobin@example.org,,,2020-03-29,IT
,barrettsusan@example.net,,,2010-12-20,HR
Kevin Hall,xcastro@example.org,18,N/A,2025-08-04,Hr
,invalid_email,unknown,,2019-04-28,Sales
,david83@example.org,58,,1974-05-11,it
Kelli Cox,swelch@example.org,27,,32-13-2020,Sales
Nancy Bell,invalid_email,,,2002-04-08,HR
Gary Watkins,kevinmoore@example.org,,102324,1984-02-15,HR
Jonathan Hunt,invalid_email,unknown,58811,2004-10-11,
Dylan Bowers,adrianjones@example.com,,92289,1991-09-25,HR
Leonard Santiago,acruz@example.com,59,,1997-03-12,Sales
Angelica Le,invalid_email,unknown,,2009-09-15,Sales
Adrienne Henderson,uhardin@example.org,,111597,2014-11-20,Sales
Brett Rodriguez Jr.,shaun86@example.net,19,N/A,1978-12-18,Sales
Gene Parrish,ricardo67@example.net,unknown,82331,2021-12-01,Sales
Renee Carter,patriciadavidson@example.net,unknown,N/A,32-13-2020,Hr
Austin Lopez,angela85@example.net,unknown,98094,1979-01-11,Sales
Randy Garcia,walkernatalie@example.com,unknown,56091,1970-10-23,HR
Ashley Oconnor,davidtran@example.com,,40144,2023-02-12,Hr
Michael Shaw,invalid_email,,,1970-10-16,
Melissa Walker,petersonjennifer@example.net,20,68685,1973-05-06,IT
Zachary Harris,heatherphelps@example.net,unknown,69612,2013-01-24,it
David Lopez,bishopcatherine@example.org,,49365,32-13-2020,HR
John Keller,monicagray@example.com,,98287,32-13-2020,it
,taylor60@example.org,,,1979-06-13,Sales
,seanyu@example.net,,N/A,2008-01-21,HR
Cameron Abbott,keith25@example.org,40,71666,32-13-2020,Sales
Deborah Watson,invalid_email,unknown,N/A,2000-09-26,IT
Gregory Chambers,latoya05@example.com,unknown,,32-13-2020,it
Brian Beck,marshallchristopher@example.com,,N/A,2019-03-30,HR
John Kim,invalid_email,unknown,,2004-12-08,it
Steven Alvarado,hcampbell@example.org,52,,32-13-2020,IT
Kristi Watson,dorseymatthew@example.org,52,N/A,1991-09-29,HR
Erik Jenkins,dominicpeterson@example.com,44,107767,2005-10-26,Sales
Casey Garcia,rodriguezjulie@example.org,,47181,1985-09-03,IT
Beth Wright,matthewfrazier@example.com,unknown,,2021-04-01,Hr
Sierra Hernandez,invalid_email,unknown,,1994-06-06,Hr
Amanda Key,stefaniewood@example.org,,,2021-08-03,
Tabitha Smith,ashley47@example.org,24,N/A,2015-08-30,HR
Catherine Graham,melissadunn@example.org,,,32-13-2020,
Crystal Henson,petersonluis@example.org,,N/A,2022-11-05,
Lance Blake,martin52@example.org,unknown,N/A,32-13-2020,it
Melanie Hill,banksalfred@example.com,59,,1990-06-25,it
Carla Jones,kevinkeith@example.net,,N/A,1973-07-17,HR
Heather Edwards,katherine96@example.net,,,1997-07-22,it
Ronnie Whitaker,brittneyblack@example.org,unknown,105188,1983-04-04,
Nicholas Gordon,hbass@example.net,,72568,1974-01-14,
Shari Peterson,invalid_email,41,,1990-07-01,Sales
Theresa Mccarthy,travisgray@example.com,47,N/A,32-13-2020,HR
Leslie Nguyen,castillomichelle@example.net,unknown,34457,1986-08-21,Sales
Daniel Hernandez,zfowler@example.net,,N/A,2004-11-17,it
Jamie Vargas,donaldmeza@example.com,22,N/A,2013-04-16,it
Alexandra Jones,jacobphillips@example.net,unknown,111300,1985-07-27,Hr
Jeffery Black,uhayes@example.net,31,33944,1972-04-23,HR
Karen Randall,dakotadavis@example.com,unknown,94425,1986-01-31,IT
Allen Sanders,invalid_email,,117835,2013-04-16,Hr
Melissa King,seanmathis@example.com,,,2007-01-30,
Emily Thompson,invalid_email,60,,32-13-2020,Hr
,monica29@example.com,,N/A,1976-11-09,HR
Barbara King,invalid_email,,N/A,32-13-2020,Sales
Brandon Henderson PhD,stewartjoan@example.com,49,N/A,1974-10-10,Sales
Shelia Gill,brendawilkinson@example.org,45,93269,2013-02-12,Hr
Vicki Baldwin,martinezgregory@example.com,31,109335,2019-05-07,IT
Mr. Matthew Wood,williamsmichael@example.net,,89430,32-13-2020,
Benjamin Torres,simsjoshua@example.org,unknown,75086,32-13-2020,it
Michael Sanders,ejenkins@example.org,38,N/A,32-13-2020,IT
Sean Harrell,samuelruiz@example.com,41,112270,2025-03-06,Hr
Brett Melton,adam57@example.org,24,,1990-08-18,Hr
Jennifer Smith,bobby09@example.org,unknown,,2011-12-27,Sales
Mrs. Kaitlyn Frazier PhD,meredithjacobs@example.net,,N/A,32-13-2020,IT
,dwilliams@example.com,35,N/A,2021-06-03,
Michael Lin,invalid_email,unknown,N/A,1988-10-05,
,davidblair@example.org,,,1989-11-07,
Erica Smith,jerryritter@example.org,31,94260,32-13-2020,it
Sherri Robinson,stephanie17@example.net,39,,2010-07-28,
Justin Peterson,allenchristina@example.org,,N/A,2018-05-04,Hr
Jessica Jimenez,beth98@example.com,unknown,,32-13-2020,Hr
Summer Smith,justin64@example.org,28,N/A,2016-01-02,IT
,leegregory@example.org,unknown,,32-13-2020,
Amanda Estrada,kimberly88@example.org,,N/A,2006-10-19,HR
Miss Denise Ellis,nboyd@example.net,32,,32-13-2020,
Mary Johnson,invalid_email,unknown,,32-13-2020,it
Troy Hayes,donaldjackson@example.org,unknown,,32-13-2020,Hr
Jessica Bailey,jroberts@example.org,24,,2017-01-19,Hr
Pedro Hansen,invalid_email,unknown,N/A,1993-07-05,Hr
Kristin Rollins,invalid_email,55,N/A,32-13-2020,HR
Lisa Cook,xyang@example.com,,48807,2003-04-01,HR
Jonathan Schwartz,mperez@example.com,,,2017-12-02,Sales
Christopher Powell MD,invalid_email,36,N/A,32-13-2020,Hr
Ana Hall,michelledixon@example.com,38,,2002-06-24,Sales
Mikayla Beltran,colemanantonio@example.net,unknown,N/A,2004-07-08,Sales
Joseph Stark,juliaholden@example.org,unknown,72783,2010-02-04,
Sarah Martinez,invalid_email,42,,1993-04-20,Hr
Ana Washington,dukedaniel@example.org,unknown,N/A,1998-09-09,
Walter Taylor,hollyblair@example.net,unknown,83260,1988-01-10,IT
Jesse Hogan,psantana@example.org,26,75578,2001-04-21,Sales
Alicia Harvey,ryanmichael@example.org,unknown,,32-13-2020,
Logan Frederick,stacy00@example.com,,N/A,2000-05-20,HR
James Dennis,bonniewallace@example.org,45,73314,1992-06-27,Hr
,drangel@example.net,27,,1985-07-05,HR
Janice Hodges,steven64@example.org,,N/A,2007-11-30,HR
Michael Walker,robertfranklin@example.org,unknown,62178,1988-10-26,IT
Amanda Oliver,asalinas@example.org,unknown,,2004-05-29,Sales
Makayla Brandt,invalid_email,unknown,38005,1984-05-19,Hr
,heather03@example.com,unknown,77744,1978-11-24,Hr
Sarah Myers,hurstchad@example.net,,N/A,2006-09-10,
Marc Ross,yshields@example.org,unknown,N/A,2025-06-11,HR
Jeremy Tucker,harveysarah@example.net,,N/A,32-13-2020,IT
Steven Jackson,kennethlang@example.net,46,,32-13-2020,
Veronica Joseph,carrdale@example.com,unknown,N/A,32-13-2020,Hr
Brent Smith,jessica65@example.com,,,1984-11-24,it
Martin Kelley,edwardschristine@example.com,39,,1976-07-25,
Jacob Underwood,marco12@example.net,unknown,56125,2009-10-25,
Lorraine Fletcher,robert90@example.net,49,N/A,2018-11-13,HR
Felicia Brown,invalid_email,,,1981-08-09,Hr
,martineztami@example.net,38,,2020-10-14,Sales
Andrew Jones,invalid_email,unknown,81372,1993-05-30,Sales
Dr. Eric Ferguson,millermichael@example.com,unknown,N/A,32-13-2020,Sales
Taylor Lopez,rhodeslisa@example.org,,49289,1983-04-27,HR
Jessica Mitchell,christopherdalton@example.com,41,61034,1991-10-21,IT
Alexis Welch,cynthia84@example.com,44,39062,1970-04-18,Sales
Mrs. Tiffany Brown DDS,invalid_email,18,78522,1987-07-28,it
,opowell@example.com,,61160,1971-02-23,Hr
Charles Hunt,randycarroll@example.net,43,43570,1989-01-14,Sales
Scott Nelson,hannah37@example.net,,43305,1985-07-27,HR
Terri Stewart,jessicawilliams@example.net,24,50688,1978-10-17,it
Ashley Moreno,anthonypeter@example.com,,49548,1990-04-20,IT
Aaron Wolf,lmartinez@example.com,,N/A,2012-07-04,HR
Alejandro Graves,invalid_email,unknown,N/A,32-13-2020,IT
Jonathan Chambers,kristinbonilla@example.net,35,98020,32-13-2020,Hr
Marcus Phillips,allen39@example.net,unknown,,1988-11-11,HR
Nicholas Jones,robertjackson@example.org,,61545,32-13-2020,IT
James Aguirre,ylewis@example.com,,,2014-08-22,Sales
Christina Rodriguez,bchung@example.net,unknown,N/A,32-13-2020,Sales
Kelly Williams,hensoncatherine@example.com,,N/A,2011-10-08,it
George Evans,anthony55@example.net,unknown,,32-13-2020,Hr
Kenneth Reynolds,walvarez@example.net,,77608,2021-10-19,it
Mr. Justin Patterson,invalid_email,,N/A,2026-01-19,
Frances Conner,michael70@example.com,,44893,1975-01-13,HR
Mitchell Livingston,invalid_email,26,51883,2001-12-17,IT
Brandon Mendoza,ybaker@example.com,28,,1972-09-20,Hr
Lisa Fisher,jhoward@example.org,unknown,,1972-09-05,it
Jeremy Schwartz,diane19@example.net,unknown,51007,32-13-2020,
Alyssa Wilson,doylewhitney@example.net,unknown,N/A,32-13-2020,Hr
Brian Ross,deniseruiz@example.net,46,116213,1972-04-06,Sales
,asnow@example.com,,69810,2024-12-30,it
William Jordan,hammondmichael@example.net,unknown,105268,1997-11-10,IT
Logan Anderson,robinsontrevor@example.com,,,32-13-2020,it
Jesse Lee,rodriguezshannon@example.org,32,N/A,2022-09-07,IT
David Gaines,invalid_email,unknown,N/A,2005-09-02,
Tyler Clark,kcontreras@example.net,40,51235,2022-04-24,IT
Rebecca Hodge,victoria20@example.com,18,N/A,32-13-2020,it
Scott Barron,jonathan92@example.net,unknown,N/A,1986-08-10,IT
Carrie Banks,invalid_email,unknown,87932,1989-07-03,Sales
James Rodriguez,aprilfloyd@example.com,23,N/A,32-13-2020,HR
Amy Wilson,invalid_email,,N/A,2012-02-02,IT
Willie Graham,fbeck@example.com,53,N/A,1994-01-07,
Donald Trujillo,joshua96@example.org,unknown,,1970-07-16,Sales
Mariah Carpenter,invalid_email,,118533,2023-06-24,Sales
Teresa Aguilar,mmoody@example.org,31,,2013-01-27,Hr
Linda Barnes,brianna48@example.com,24,N/A,2024-06-05,HR
Mary Murillo,rmiller@example.org,,,1982-09-20,IT
,garciawilliam@example.net,unknown,N/A,2026-03-10,HR
Jordan Barrett,ann74@example.org,,,32-13-2020,Hr
Erica Garcia,invalid_email,53,51883,1982-02-12,Sales
Rebecca Mullins,lyonsnicole@example.net,unknown,N/A,2002-05-26,it
Mary Lewis,invalid_email,unknown,,1993-06-10,it
Shannon Patel,invalid_email,,81900,2016-04-06,IT
Jose Carrillo,andrewwilson@example.net,unknown,N/A,1971-12-08,HR
Brian Davis,michaelvaughn@example.org,31,N/A,1974-06-22,it
David Wade,invalid_email,59,N/A,1979-12-30,IT
John Moreno,invalid_email,,61007,2023-12-28,
Christopher Mason,leslie47@example.com,56,,2025-11-10,HR
Julie Freeman,sperez@example.com,,,32-13-2020,IT
Jay Moore,victoria72@example.com,unknown,,32-13-2020,
James Brown,hurleycatherine@example.net,,N/A,2017-11-26,HR
,ballardvincent@example.org,32,,1979-02-23,IT
Daniel Williams,torresmichael@example.net,,106540,2015-07-15,
Jennifer Hernandez,williamsjason@example.net,,,1982-07-20,HR
Aaron Johnson,smurillo@example.net,unknown,81938,2003-09-08,HR
Patrick West,stephaniecooper@example.com,unknown,96619,32-13-2020,IT
Joseph Ortega,shane60@example.org,52,58676,32-13-2020,HR
Diana Olsen,invalid_email,unknown,86317,1984-02-07,IT
Michelle Bush,ymiller@example.com,,N/A,2005-10-28,
Dr. Jessica Hunt,invalid_email,21,N/A,1983-07-30,it
Carlos Hughes,jordandana@example.com,60,N/A,32-13-2020,HR
,invalid_email,unknown,113374,2001-06-29,Sales
Calvin Harris,morgan38@example.com,,N/A,2015-02-18,IT
Steven Scott,jessegomez@example.org,,46791,2023-11-12,it
Stephanie Lee,erin61@example.com,,,2020-08-09,
,jennifer50@example.org,,50669,1978-06-25,Hr
Lindsey Salinas,ericagarcia@example.com,35,,1983-04-21,IT
Fred Waller,lori97@example.org,,,1978-01-01,Hr
Adam Haynes,ibradford@example.org,,40911,1978-09-07,HR
Sarah Fitzgerald,invalid_email,unknown,N/A,2001-11-09,
Daniel Green,steven83@example.com,,N/A,2022-06-07,it
Edward Wilson,haleyfranco@example.com,unknown,59588,1988-02-26,Hr
Danielle Stone,ybrooks@example.org,,,2001-09-06,it
Charles Williams,briansoto@example.com,,,1995-10-29,Sales
Henry Oliver,patricktrevor@example.com,,30495,1989-08-13,Hr
Natasha Summers,invalid_email,unknown,N/A,1997-06-22,HR
Austin James,jharris@example.net,49,90556,2010-01-04,Hr
Brian Murray,oray@example.com,,,1980-07-14,
Justin Mooney,ryan77@example.net,unknown,47618,32-13-2020,IT
Michael Kelley,grahamjeffrey@example.org,unknown,,1988-06-20,IT
Amy Martin,invalid_email,50,,32-13-2020,it
Omar Hernandez,lindseyreeves@example.com,22,N/A,1992-01-24,
Mary Williamson,rachelcook@example.net,,,1979-02-25,Hr
Paige Bennett,jamesjackson@example.org,,,2010-05-17,
Diana Burns,tarazamora@example.com,43,,1994-09-18,HR
Gary Simpson,ginahoward@example.org,unknown,39656,32-13-2020,HR
Timothy Obrien,invalid_email,,N/A,32-13-2020,
Emma King,cjensen@example.com,unknown,N/A,2001-06-28,HR
Michelle Ferguson,sean81@example.org,,46600,32-13-2020,Hr
Diane Fischer,edwardsandrew@example.org,,,1981-05-08,it
Brian James,adamsalisha@example.net,,,32-13-2020,it
Jacob Chavez,invalid_email,35,N/A,2009-02-16,it
Amy Melton,curtis64@example.org,,N/A,1975-11-22,IT
Jonathan Rodriguez,letaylor@example.org,20,48167,2006-01-04,Sales
John Morse,invalid_email,54,,1980-09-17,HR
Michael Garcia,john50@example.org,unknown,N/A,1995-08-03,
Courtney Sanchez,fromero@example.org,unknown,103101,2015-07-13,it
Courtney Taylor DDS,uphillips@example.net,unknown,N/A,1981-12-27,HR
William Wade,zachary29@example.com,,N/A,1995-09-26,it
Roberta Key,kelly32@example.org,unknown,,1988-11-26,HR
Zachary Miller,bfloyd@example.net,unknown,101172,2013-03-20,
Laura Torres,zjones@example.com,20,32019,1993-07-14,Hr
Logan Edwards,ngillespie@example.org,unknown,N/A,1986-10-15,IT
Tonya Daniels,invalid_email,unknown,,2001-12-20,HR
Lisa Moreno,chavezjoseph@example.org,unknown,70644,2013-04-07,
Robin Fischer,mpowell@example.org,,N/A,2022-12-21,
Norman Smith,pottsrebecca@example.com,52,97080,32-13-2020,IT
Dana Mack,gary19@example.org,57,,32-13-2020,Sales
Travis Nelson,sawyerapril@example.net,unknown,,2012-03-17,IT
Sherri Chambers,ewarren@example.com,53,,2017-02-10,IT
Ronald Daniels,opearson@example.org,,N/A,2005-08-23,HR
Kevin Stanley,twilson@example.org,unknown,N/A,32-13-2020,Sales
Peter Smith,bushjack@example.net,,N/A,1990-04-28,Hr
,judithsandoval@example.com,unknown,,1998-11-15,HR
Heidi Jones,erin44@example.net,,,32-13-2020,HR
Richard Romero,robertbrown@example.com,,95499,2017-03-08,HR
Gary Calderon,jennifer20@example.net,unknown,100219,32-13-2020,it
Karen Diaz,ubrown@example.com,58,N/A,32-13-2020,HR
Tara Ellis,invalid_email,21,N/A,1997-03-26,Sales
Amy Garcia,lrodriguez@example.com,32,62600,1983-01-20,Sales
Charles Williams,invalid_email,46,58312,2000-11-14,it
Jacqueline Kelley,invalid_email,unknown,,1996-09-08,
Brittany Ward,bjohnson@example.net,unknown,N/A,2026-03-16,IT
Heather Haney,invalid_email,,,2024-04-25,IT
Natalie Conley,kellymitchell@example.net,unknown,117981,1999-02-07,IT
Tracy Lewis,emily24@example.org,,61238,1985-05-11,
Susan Burgess,murphysean@example.net,42,N/A,1993-01-11,HR
Brad Cooper,brendahoward@example.com,27,N/A,1997-07-01,it
Theresa Roberts,pyoung@example.com,45,N/A,1988-05-24,IT
Lynn Nelson,kmartinez@example.org,unknown,N/A,1976-11-21,Hr
Sierra Farley,bbaird@example.com,28,,2010-07-18,Hr
Hector Miller,invalid_email,unknown,N/A,2024-06-02,HR
Cynthia Beltran,franciscojohnson@example.net,unknown,90227,2016-08-29,it
John Harris,cummingsgregory@example.org,unknown,N/A,1983-06-10,HR
Brian Smith,anthony84@example.net,44,,2007-06-24,it
,tina74@example.com,,110265,32-13-2020,it
Angela Briggs,nelsoneric@example.com,unknown,111624,2013-01-10,it
Kayla Gates,jeffreygarcia@example.org,,N/A,32-13-2020,IT
Dr. Gregg Pollard,imiller@example.org,,,2004-06-25,
Joanna Richards,thomasstephanie@example.net,24,96796,1996-01-25,IT
,savagedaniel@example.org,36,109130,32-13-2020,Hr
Heather Mccoy,donna96@example.net,46,N/A,2025-11-12,HR
Joseph Leach,nshort@example.com,,,32-13-2020,IT
Michael Thomas,jacksonsara@example.net,unknown,89217,2001-01-26,it
Linda Bowen,invalid_email,18,72182,1970-03-11,Sales
Meghan Hutchinson,invalid_email,unknown,N/A,2021-08-16,
Michael Johnson,derrick73@example.net,unknown,N/A,32-13-2020,HR
Gerald Ho,invalid_email,unknown,N/A,2018-07-18,
,thomasnelson@example.com,29,,1971-06-10,
,zwright@example.net,unknown,,1984-01-17,HR
Madeline Davis,invalid_email,45,N/A,2017-01-22,
Zachary Mcgee,invalid_email,unknown,,2015-06-27,HR
Sabrina Bryan,rosspeter@example.com,unknown,N/A,2024-09-08,IT
Gregory Green,lauren75@example.com,,92136,1977-10-30,HR
Maria Compton,maurice17@example.com,unknown,,1973-08-09,it
Charles Jones,williamsmatthew@example.net,unknown,36949,32-13-2020,HR
Crystal Holt,hollyadams@example.org,,,2005-07-23,Sales
Carlos Foster,rachelmosley@example.net,,N/A,1978-09-01,Sales
David Sloan,invalid_email,,N/A,2022-09-06,IT
Sherry Mack,saraspears@example.com,58,,1991-11-29,it
Diane Berg,invalid_email,,81791,1976-09-07,Sales
,mary35@example.net,53,N/A,2023-09-20,it
,smithnathan@example.com,48,67581,1972-08-28,it
Brenda Lopez,vwilliams@example.org,unknown,N/A,2001-01-04,Sales
Diana Riley,michaelbrown@example.org,36,96426,32-13-2020,IT
Sean Martin,wguerrero@example.com,unknown,,1989-04-28,
Jessica Fletcher,anthonydeleon@example.org,,N/A,1976-06-30,Sales
Andrew Franklin,jhebert@example.org,24,48264,1988-05-24,Sales
Edward Clark,melanie86@example.net,35,90485,32-13-2020,Sales
Tammy Pacheco,toddmiller@example.org,53,,1984-03-27,it
,erikkaufman@example.org,41,,32-13-2020,HR
Brandy Patterson,invalid_email,30,N/A,1999-01-18,Hr
Margaret Odonnell,rjones@example.org,,,32-13-2020,it
Ronald Moore,matthewnovak@example.org,,64581,32-13-2020,Sales
,carol66@example.org,,N/A,2023-12-11,it
Zachary Davidson,amy18@example.org,38,N/A,32-13-2020,
Summer Adkins,patricksmith@example.com,,,32-13-2020,
Christian Moore,garciaphilip@example.net,,96792,32-13-2020,Hr
Mario Williams,christopher45@example.net,unknown,38080,2011-04-18,IT
James Williams,invalid_email,40,,32-13-2020,it
Amanda Brady,lromero@example.net,,,1976-06-22,HR
Kevin Hayden,ryanmatthew@example.net,,N/A,2014-04-18,IT
Elizabeth Travis,martinezjacob@example.org,41,N/A,32-13-2020,IT
Nancy Frazier,mkennedy@example.org,unknown,,1979-08-23,
Suzanne Page,christophermoyer@example.org,unknown,101802,32-13-2020,it
,sbrown@example.com,,30098,32-13-2020,Sales
Suzanne Jensen,ramossavannah@example.org,,N/A,1998-11-01,Hr
,speters@example.com,unknown,,2009-01-02,IT
Jennifer Wagner,kelliortiz@example.net,,N/A,2006-12-02,IT
,kevinford@example.com,34,110380,1985-09-29,
Frederick Anderson,ysosa@example.com,,N/A,2014-07-23,Hr
Mrs. Lauren Kirk,invalid_email,29,59863,32-13-2020,IT
Rebecca Johnson,ryan77@example.net,29,N/A,32-13-2020,it
James Davis,invalid_email,,N/A,32-13-2020,IT
Cathy Krause,oscar19@example.org,,,32-13-2020,Hr
James Morse,rubenwalton@example.com,54,112340,1994-02-18,IT
Stephanie Patterson,esparzachristopher@example.com,52,N/A,2008-12-28,it
Lisa Mckay,fernandezjustin@example.net,46,N/A,32-13-2020,HR
Jodi Rivas,james16@example.net,unknown,61495,1995-09-26,
Nancy Jones,amber70@example.net,58,N/A,2003-09-16,Sales
Michael Osborn,lovecarolyn@example.org,unknown,,2018-12-01,Sales
Taylor Warren,hernandezmaria@example.org,20,51180,2014-01-21,HR
Krystal Luna,simmonspamela@example.com,,30301,1996-07-06,Hr
Lauren Wilson,spenceshelly@example.com,57,N/A,32-13-2020,HR
,invalid_email,,N/A,1979-08-04,Hr
Michelle Hicks,brian85@example.com,56,,1973-03-19,HR
Robin Wallace,sharris@example.net,53,,1999-05-13,Hr
Caroline Willis,ddavis@example.org,43,,2015-03-23,
Dana Valentine,gina74@example.org,33,N/A,1989-12-08,Hr
Charles Torres,opayne@example.org,,,32-13-2020,
Shannon Gates,ashley43@example.com,unknown,62206,1977-09-13,it
Peter Jordan,david61@example.net,unknown,79250,2011-09-21,Hr
Andrew Miller,lauren40@example.org,,N/A,2005-04-28,HR
John Herrera,jeffrey62@example.net,,,32-13-2020,
Alicia Smith,thomaslarry@example.org,,N/A,1980-12-09,
Samantha Mcbride,ramoswilliam@example.net,,40060,32-13-2020,HR
Brandi Perry,laurenestrada@example.org,unknown,,2020-05-08,Hr
Brenda Chandler,invalid_email,unknown,N/A,32-13-2020,Hr
Erin Bailey,karen24@example.org,56,31967,1997-03-03,IT
Jeffrey Smith,jennifer13@example.org,unknown,N/A,1992-03-15,HR
Kyle Hunt,brycewells@example.com,,,1987-08-11,Sales
Robert Guzman,invalid_email,unknown,,2016-01-08,HR
Richard Burnett,jeffreyserrano@example.net,,N/A,1989-06-21,it
Robert Bryan,invalid_email,unknown,N/A,1996-10-15,HR
Paul Hart,michael89@example.net,unknown,N/A,1990-12-07,HR
Jodi Moore,cnewton@example.net,,,2023-08-03,
George Pitts,rebeccatrevino@example.org,51,N/A,1995-10-21,HR
Tommy Taylor,nancy88@example.net,45,,2020-05-15,IT
Jasmine Morrow,summersfrank@example.org,,,1983-09-23,Hr
Catherine Johnson,qwilson@example.net,,N/A,1980-07-04,
Jeffery Quinn,obutler@example.com,,,2019-05-01,Hr
Paul Cohen,invalid_email,58,N/A,2023-01-04,Sales
Anthony Miranda,roachkathleen@example.net,unknown,,2012-07-01,Hr
Nicholas Frazier,invalid_email,,,2001-09-24,IT
,davidcurtis@example.org,unknown,N/A,2000-03-07,IT
Steve Lee,gbrown@example.net,46,N/A,2018-04-25,HR
Tiffany Gomez,jasonsoto@example.org,50,,1995-11-14,HR
Ashley Smith,bradymiguel@example.org,,,32-13-2020,IT
Gary Johnson,padillajohn@example.com,49,,1978-07-09,
Ashley Arroyo,ugonzales@example.net,54,119365,1975-07-22,HR
Dr. Rebecca Miller,echambers@example.net,unknown,N/A,1990-10-26,Sales
Courtney Richard,bpadilla@example.org,unknown,,1987-05-04,
,hcruz@example.org,,,1972-07-09,it
Noah Richardson,jodi36@example.org,unknown,109172,1975-11-25,Sales
David Rose,invalid_email,55,,32-13-2020,IT
David Washington,mbeltran@example.org,,,1974-04-30,Hr
Anthony Sparks,patriciamorris@example.com,49,69225,2013-10-26,IT
Leah Lawrence DDS,chad68@example.com,unknown,N/A,1995-02-10,
Rhonda Merritt,invalid_email,unknown,,32-13-2020,IT
Diane Curry,warnold@example.net,unknown,N/A,1994-06-26,
Jamie King,marieking@example.net,unknown,,32-13-2020,
Michelle Davis,invalid_email,49,,2015-07-06,Sales
Brandon Ramos,invalid_email,unknown,49789,1991-11-29,HR
,gdrake@example.com,,111012,32-13-2020,IT
,hford@example.net,unknown,,32-13-2020,Hr
Timothy Tate,pamelaaguilar@example.org,,N/A,1977-11-21,HR
Laura Ruiz,brittanywilliams@example.com,35,,2002-06-16,it
Roger Graham,invalid_email,23,,1994-08-13,HR
,gduncan@example.com,53,N/A,1995-12-28,Sales
Frederick Vance,invalid_email,27,N/A,2005-03-05,IT
,danielle52@example.com,,108806,1987-01-19,Hr
,warnermelissa@example.org,,,2007-02-24,it
Natasha Jarvis,james99@example.net,24,36284,2014-01-08,IT
Michael Burton,ian08@example.net,unknown,,1980-10-13,Sales
,nina80@example.org,39,,1982-03-30,Sales
Mark Jenkins,heather42@example.com,unknown,,1977-12-28,IT
Adam Ramos,lance53@example.org,,,2005-02-12,
Carl Hodges,robertkelley@example.net,,,1997-09-13,it
Jacob Hill,jamie04@example.com,,93267,1971-02-11,Hr
Nicole Cole,rodriguezcameron@example.com,unknown,,2009-10-16,it
Jessica Barnes,jeffrey49@example.com,,98586,1975-01-09,it
Melissa Fisher,spatel@example.org,,,1999-08-25,Hr
Katherine Mann,amy63@example.org,,N/A,2017-09-20,Hr
Rhonda Davidson,moorejared@example.org,41,N/A,1999-10-13,
Edward Johnson,briannawilliams@example.net,,N/A,1993-08-13,HR
,willie88@example.org,20,N/A,2003-11-20,
Laura Miller,kenneth31@example.net,unknown,,1995-08-21,it
Michael Tapia,invalid_email,unknown,N/A,1972-05-02,Sales
Brian Cooper,gsmith@example.com,unknown,,2003-05-22,HR
Melissa Campbell,rodney03@example.net,unknown,101348,1984-04-10,it
Dale Jones,mendozakayla@example.net,,97919,1991-08-25,Sales
Caitlin Jones,wross@example.com,,N/A,2000-04-12,HR
James Young,invalid_email,50,N/A,2000-06-22,Sales
Marc Sanders,invalid_email,,,1997-07-28,IT
Lauren Harmon,cwilliams@example.com,unknown,,32-13-2020,Hr
Henry Richmond,charles63@example.com,51,86848,2010-09-27,Sales
Tamara Skinner,nicolehunter@example.org,unknown,N/A,2023-02-04,Hr
,whiteandrea@example.net,unknown,43403,2010-05-09,it
Andrew Anderson,invalid_email,42,N/A,2019-03-19,
Brandy Rodriguez,xphillips@example.org,38,94001,1992-01-26,Sales
Eileen Porter,amy33@example.net,56,89459,32-13-2020,it
Taylor Stone,joshuajohnson@example.com,unknown,N/A,32-13-2020,
Andrea Flores,invalid_email,,80468,1992-05-31,HR
,xharvey@example.com,unknown,,1976-03-16,
Justin Campbell,tammy57@example.com,40,63925,2020-08-15,
Michael May,sarah01@example.org,,,1970-09-27,Sales
Joshua Rodriguez,robinsonmary@example.org,unknown,,1985-06-06,it
Benjamin Braun,melindamartinez@example.net,36,N/A,2018-12-29,it
Kimberly White,invalid_email,,N/A,1978-03-16,
Lorraine Carrillo,obates@example.org,28,,2024-03-12,it
Kyle Gutierrez Jr.,andersonbonnie@example.org,49,,1984-08-05,Sales
Rachel Lopez,danielslarry@example.org,,42716,2024-12-18,Sales
Caitlyn Morales,invalid_email,unknown,52025,1975-11-12,IT
Jackson Hunt,kristin68@example.com,38,,32-13-2020,Hr
Ian Singh,crystalkim@example.org,unknown,63686,32-13-2020,
Dr. Benjamin Griffin,invalid_email,47,N/A,1972-12-13,IT
Felicia Jones,zjones@example.net,60,66520,2000-09-01,HR
Diane Reed,douglas11@example.net,47,51718,1992-06-12,HR
Breanna Wilson,warnermichelle@example.com,unknown,N/A,2013-12-12,Sales
,rodrigueztony@example.org,26,118699,1979-03-19,Hr
Mark Maddox,vallen@example.org,25,N/A,1994-04-09,IT
John Garcia,heatherjohnson@example.org,unknown,N/A,32-13-2020,Sales
Crystal Holden,tbarker@example.com,,N/A,2007-01-22,
Sheryl Davis,hwilson@example.com,,32053,1987-07-12,HR
Terry Hernandez,scott40@example.org,unknown,,1971-03-25,Sales
Jeff Johnson,utaylor@example.net,,,2011-09-21,it
Andrew Smith,wandajohnson@example.net,44,117983,2013-12-01,Sales
Erica Harper,dillon34@example.org,39,92980,2006-02-16,IT
Jimmy Anderson,ellischristopher@example.org,unknown,110981,2013-01-29,HR
Michelle Williams,mcintoshchristina@example.com,,N/A,1999-02-13,HR
Mark Robertson,invalid_email,,62278,1979-04-06,Sales
Dwayne Thompson,christopher17@example.org,29,N/A,2007-01-20,Hr
Brett Delgado,invalid_email,38,N/A,1972-05-17,IT
,greerjoseph@example.org,unknown,,2024-06-30,
Amy Johnson,robin75@example.net,unknown,,2025-05-04,HR
Hannah Mcintosh MD,jamescollins@example.com,,N/A,1974-02-07,HR
Allison Wiggins,invalid_email,,N/A,2012-08-14,HR
Vincent Ho,nicole76@example.org,unknown,65362,1997-07-27,
Justin Nelson,adriana01@example.net,unknown,N/A,1994-02-28,HR
George Branch,shannonsalas@example.net,33,51950,1994-11-20,HR
Paul Garza,lopezmichael@example.com,58,N/A,2009-03-12,IT
Lisa Myers,invalid_email,,72804,2018-02-26,Sales
Christopher Wilson,wcooper@example.com,unknown,62744,1978-02-23,IT
,daltonrodriguez@example.com,unknown,,1978-08-01,
Jonathan Long,vmcclain@example.com,,76845,2006-07-11,HR
Russell Gordon,dgarrett@example.com,,34264,1986-06-12,HR
Jessica Galvan,smithlaurie@example.net,18,N/A,1991-03-28,IT
Zachary Munoz,haleykaren@example.net,unknown,62937,1974-05-13,IT
Mrs. Ann Webster,gailcoleman@example.net,unknown,N/A,2012-05-28,
Caroline Owens,hcooke@example.org,28,93398,2007-10-08,it
Scott Brown,davisstephanie@example.com,,57909,32-13-2020,IT
Robert Lee,ywillis@example.org,51,N/A,2010-04-17,IT
Mrs. Nancy Nguyen MD,rebeccapeterson@example.com,unknown,,1996-12-03,it
Lisa Peterson,charlesburns@example.org,unknown,,2008-02-22,IT
Dustin Rodriguez,xstewart@example.net,unknown,,32-13-2020,Sales
Felicia Mcguire,invalid_email,unknown,,32-13-2020,
Robert Haas,tsandoval@example.com,unknown,N/A,32-13-2020,
Alyssa Hendrix,shelly05@example.com,40,N/A,1997-06-16,IT
Thomas Baldwin,maria77@example.net,unknown,,2020-12-21,it
Leslie Sanders,andrea33@example.net,30,,32-13-2020,Hr
Jacqueline George,jordanwoods@example.com,25,73179,1980-11-16,it
David Thompson,marchumphrey@example.com,unknown,N/A,2021-01-20,IT
Jack Park,fvasquez@example.net,,42992,1974-08-09,HR
Rhonda Ward,annaadams@example.org,36,N/A,32-13-2020,IT
,shill@example.com,,N/A,2005-01-29,IT
Kimberly Lewis,vreyes@example.org,,,32-13-2020,IT
Bradley Harrison,invalid_email,,34834,1978-11-13,Hr
Katherine Gonzales,nbridges@example.org,19,N/A,2025-11-10,HR
,invalid_email,,N/A,1982-06-28,
Fernando Rodriguez,wmurphy@example.com,37,,2005-10-12,it
Michael Anderson,robertaustin@example.com,,,1985-09-09,
Daniel Gonzalez,kayla32@example.net,43,81102,32-13-2020,HR
Jesus Griffin,gcarrillo@example.org,,,32-13-2020,Sales
Danielle Shaw,onealchristopher@example.com,unknown,N/A,1991-07-08,HR
Robert Hodges,vjackson@example.net,unknown,,1998-05-17,Hr
Robert Howell,invalid_email,52,,2006-11-20,Hr
Christopher Chung,delgadobeverly@example.net,54,,1998-11-08,HR
Susan Williams,jortega@example.org,25,,2008-03-07,IT
Tyler Valentine,harold39@example.org,30,,1971-12-13,Hr
Christina Martinez,mallory66@example.com,,46211,2002-11-09,HR
Erica Gordon,ianoconnell@example.org,40,N/A,1971-11-08,HR
Dalton Watts,ahunter@example.net,unknown,N/A,1987-11-10,Hr
Cheryl Khan,briannamurphy@example.org,37,,32-13-2020,Hr
Veronica Ramirez,ericlee@example.com,,,1992-09-08,
Jake Montgomery,jennifersmith@example.net,,N/A,2013-01-30,it
Patricia Park,wgarrett@example.org,unknown,,1986-12-06,
April Bentley,gcraig@example.com,unknown,36822,1987-11-13,Sales
Tara Jones,tallen@example.net,,79179,32-13-2020,
Sarah Cunningham,smithkelly@example.net,unknown,68761,2016-07-21,Sales
Alec Bell,invalid_email,unknown,49301,2014-03-11,HR
,hbrewer@example.com,unknown,,2024-02-17,it
Michael Mcknight,ayalajenny@example.com,,N/A,2025-09-20,HR
Brian Fuller,invalid_email,25,53079,1971-07-25,Sales
,zjohnson@example.org,24,N/A,2025-04-25,IT
Willie Underwood,invalid_email,unknown,N/A,2006-05-20,HR
Gregory Gibson,nicoleparker@example.net,,,1987-07-18,Hr
Mr. David Jones PhD,jmcguire@example.com,,,32-13-2020,IT
Anna Brady,thomascaleb@example.com,60,N/A,32-13-2020,Hr
Dale Weaver,aliciaparker@example.com,59,N/A,1973-06-19,it
Todd Johnson,matthewspatrick@example.net,,85921,1983-08-01,Hr
Carolyn Meyer,michaelcampbell@example.com,unknown,,32-13-2020,IT
Jonathan Lewis,sancheztonya@example.com,39,66149,32-13-2020,Hr
Evelyn Rivers,brittanyperez@example.com,,65629,1987-07-02,Sales
Jose Gregory,pattersonjesus@example.net,,N/A,1994-04-04,it
,sarahwilliams@example.net,unknown,35978,1975-11-16,IT
Anna Franklin,theodorewong@example.com,19,N/A,2024-06-11,IT
Elizabeth Rodriguez,thomasfleming@example.org,unknown,96241,32-13-2020,HR
Isaac Harris,flynnkevin@example.com,,67265,2024-08-03,HR
Jessica Parsons,mmurphy@example.org,47,,1996-11-24,Hr
Nichole Sanders,matthewgreen@example.org,21,N/A,2004-11-27,IT
Joshua Stone,jessica42@example.com,29,,2021-07-29,HR
Brandi Hughes,rpitts@example.net,unknown,N/A,1982-05-23,IT
Kerri Hopkins,rharris@example.net,unknown,N/A,1991-01-10,Hr
Ryan Palmer,invalid_email,33,,1981-08-06,Hr
Matthew Baker,xdavidson@example.net,,49388,2022-04-16,
Phillip Charles,tina76@example.com,unknown,,32-13-2020,IT
Danielle Smith,moorestephen@example.com,,,2002-02-23,HR
Edwin Ponce,invalid_email,46,112334,32-13-2020,HR
Arthur Brown,invalid_email,,N/A,32-13-2020,IT
Laurie Diaz,spencer04@example.net,,,2002-05-02,IT
Eduardo Wade,bishopbecky@example.net,54,,2008-05-27,it
Vincent Jones,michaelcalhoun@example.com,,,32-13-2020,IT
,invalid_email,,N/A,1981-05-31,HR
Grace Dawson,jonessteven@example.org,,,32-13-2020,Sales
Daniel Phillips,simsrandy@example.net,unknown,43658,32-13-2020,IT
Amber Smith,ashleyhawkins@example.net,56,,1988-01-27,HR
Michael Weiss,vjohnson@example.net,,,1979-08-23,Hr
David Cole,invalid_email,unknown,31749,2011-07-11,
Claire Lee,barkerrodney@example.org,unknown,,1994-09-01,it
Alexis Russell,olewis@example.net,,N/A,32-13-2020,Sales
Randall Gilbert,crystalwright@example.com,57,63217,1983-11-01,it
Erica Wilson,christopherschmidt@example.com,39,71187,32-13-2020,Sales
Susan Allen,invalid_email,,,1984-08-07,Sales
,patrickrios@example.net,,,32-13-2020,IT
Briana Woodard,yangalyssa@example.net,57,,2019-05-02,Hr
Kimberly Brown,rodriguezgary@example.org,unknown,,1986-01-12,
Lindsay Stone,jjenkins@example.net,unknown,44382,1998-04-16,Hr
Kelsey Lloyd,david29@example.com,unknown,111753,32-13-2020,HR
Mr. Peter Khan,invalid_email,,68753,32-13-2020,it
Dale Chavez,andrew22@example.org,,69563,1992-11-03,
Dwayne Hill,george83@example.net,,,2003-09-22,HR
Justin Warren,randall60@example.com,,36804,1975-08-23,
Anna Henderson,carrollchristine@example.com,unknown,N/A,2016-06-22,HR
Christina Campbell,fosternicole@example.org,32,N/A,2008-07-10,HR
Joseph Byrd,khanchristy@example.com,53,35476,32-13-2020,HR
John Daniels,christopherhaynes@example.net,,,1977-09-10,it
Tammy Johnson,fordjorge@example.com,,,1984-10-17,it
Barbara Nguyen,jonesanita@example.org,,N/A,1973-01-22,
Lori Kelley,victor53@example.org,unknown,81510,1982-06-14,it
Isaiah Kelly,benjamin89@example.com,46,,1988-09-22,it
Scott Bowman,reyesangela@example.com,,N/A,32-13-2020,Hr
Sarah Hensley,vcalderon@example.com,unknown,N/A,1976-09-15,it
David Lewis,hurstbenjamin@example.com,,N/A,1998-02-25,HR
Christopher Joseph,jonathonallen@example.net,40,38082,2018-11-18,HR
Reginald Brown,marycarlson@example.org,unknown,83703,1979-10-20,
Amber Aguilar,vnguyen@example.com,,N/A,1970-06-20,Hr
Jessica Levine,georgedean@example.net,unknown,N/A,32-13-2020,it
,james03@example.org,unknown,65153,1978-06-27,IT
Brittany Lawrence,victoriamora@example.net,,N/A,1987-01-03,
Rhonda Padilla,warrenrobert@example.net,23,59871,1993-11-17,it
Gregory Daniel,joymills@example.com,unknown,62306,1992-03-12,IT
Alan Thompson,megan28@example.net,,N/A,32-13-2020,IT
Malik Chavez,invalid_email,47,89165,32-13-2020,IT
Sherry Barker,invalid_email,,85177,1980-02-24,HR
Kimberly Lara,patricia68@example.net,46,,32-13-2020,IT
Karen Hamilton,mortiz@example.org,unknown,,1983-12-11,IT
Kristy Juarez,invalid_email,,N/A,1975-08-05,IT
,zacharydixon@example.net,unknown,108883,2016-09-15,Hr
,invalid_email,28,,1981-11-23,Sales
Carl Medina,invalid_email,,118891,1998-07-23,IT
Michael Martin,elizabeth83@example.org,25,,2010-12-24,Sales
Laura Rosales,cheryl10@example.net,unknown,N/A,32-13-2020,Sales
Rachel Mora,cpaul@example.net,unknown,110751,2005-12-17,HR
Lisa Murray,coopermark@example.net,unknown,N/A,32-13-2020,
Mark Wilson,debra25@example.net,unknown,43131,2015-03-21,Hr
Shannon Walker,ejimenez@example.net,,,1981-02-20,IT
,danielwilliams@example.net,,41028,32-13-2020,IT
Michelle Cannon,denisekeller@example.org,unknown,52370,2002-11-23,
Frank Roberts,davisandres@example.net,,,2024-08-18,HR
Yvette Barker,adamserin@example.com,unknown,N/A,1979-10-24,Hr
David Sweeney,sgilbert@example.net,,N/A,1979-09-30,IT
Sara Fowler,ijames@example.org,43,N/A,2013-02-07,IT
,invalid_email,26,N/A,2001-06-07,Hr
Melissa Johnson,uhernandez@example.org,,40269,2003-02-09,Sales
Jill Richards DVM,jonesjeffrey@example.org,,,32-13-2020,
James Rocha,jessica42@example.org,29,,32-13-2020,it
David Evans,invalid_email,28,109436,1990-04-16,IT
Carlos Bradley,derrickcruz@example.org,31,,1990-12-07,HR
,lambpeggy@example.net,28,,1975-02-04,Sales
Douglas Herman,joseph70@example.com,,N/A,32-13-2020,IT
Annette Carter,matthewsjim@example.com,,N/A,1975-02-28,HR
Matthew Levy,fwalton@example.net,,,1970-10-14,Sales
Jennifer Morris,garrisoncollin@example.net,48,N/A,1974-11-17,
Louis Johnson,gonzalezdebbie@example.org,unknown,N/A,2015-04-19,Hr
Daniel Jones,aprilcline@example.net,unknown,N/A,2010-09-10,IT
Stephanie Ramos,michellejones@example.org,unknown,N/A,1983-01-27,
,wrightteresa@example.com,,97424,2001-07-02,it
Geoffrey Lewis,invalid_email,29,,2014-05-18,HR
Angela Thomas,invalid_email,unknown,N/A,1987-04-17,Hr
Hector Rodriguez,rodriguezrenee@example.org,33,66805,2011-03-20,IT
Patrick Parker,invalid_email,unknown,N/A,1994-05-18,IT
Albert Walker,lopezjeffrey@example.net,,71662,2008-03-13,HR
Pamela Golden,guzmanelizabeth@example.com,,N/A,32-13-2020,
Lindsey Carlson,invalid_email,33,49703,1996-10-30,Hr
Kara Adams,jonathanwiggins@example.net,31,,2025-10-17,Sales
Luke Kidd,trujillobrian@example.com,54,114850,2003-06-28,IT
Kimberly Johnson,invalid_email,unknown,N/A,32-13-2020,Hr
Taylor Phillips,atkinsoncorey@example.com,unknown,44342,1978-12-14,Hr
William Thompson,burnsmorgan@example.org,unknown,,32-13-2020,it
Todd Nelson,invalid_email,27,107372,2001-12-30,IT
Elizabeth Deleon,ashley57@example.net,,,1989-01-20,HR
,jessicanunez@example.net,,,1997-01-16,it
Jamie Gardner,maynardpeter@example.net,unknown,,1970-08-11,IT
Christina Williams,invalid_email,,N/A,2017-05-20,it
Denise Thompson,invalid_email,37,,1992-05-26,
David Foley,rsims@example.org,53,79222,1995-02-12,Sales
Alan Zuniga,sethryan@example.org,47,99418,2014-07-15,
Tiffany Rice,oconnordennis@example.org,unknown,N/A,2017-05-11,HR
Bill Stuart,diamond55@example.net,unknown,95716,1997-08-02,it
Kenneth Munoz,rrhodes@example.net,unknown,,1990-04-19,it
John Taylor,rodrigueztammy@example.com,,N/A,32-13-2020,Hr
Aaron Howard,kathleen88@example.org,44,,1999-11-07,Hr
Jesse Cohen,thoward@example.org,unknown,N/A,2011-07-17,IT
Hannah Boyd,mitchellelizabeth@example.net,19,83486,1991-11-20,Hr
Jason Wilson,simpsonrobert@example.com,unknown,118799,2019-05-14,HR
,eileen98@example.net,55,N/A,2018-03-30,IT
April Vasquez,invalid_email,18,,2026-03-07,Hr
Tracy Short,dcharles@example.com,unknown,N/A,1994-09-12,it
Tina Clarke,rebeccasanchez@example.com,43,N/A,32-13-2020,HR
Amber King,lori90@example.net,unknown,79979,1983-08-05,IT
,christine37@example.org,,117456,32-13-2020,
Jonathan Gonzalez,kristinsimpson@example.org,54,,2022-11-25,HR
Tracy Farley,ldyer@example.org,,65748,1974-04-29,Hr
,zhartman@example.org,unknown,,1976-04-21,HR
Jesse Torres,matthew37@example.com,,59879,1984-08-25,IT
Andrew Green,larry28@example.com,,64241,32-13-2020,it
,invalid_email,unknown,,2006-11-17,
Nicole Hoover,rosejoseph@example.net,,,1982-11-27,it
Sarah Wilcox,invalid_email,29,,1996-09-04,it
Jason Brown,christina94@example.net,unknown,N/A,1979-02-05,IT
Andrew Jones,invalid_email,,N/A,2016-03-29,it
Kathryn Long,carla17@example.org,unknown,,2011-11-18,it
Shawn Mitchell,othompson@example.net,21,N/A,2024-10-09,Sales
Jonathan Ramirez,cohenalyssa@example.org,,32376,32-13-2020,HR
,invalid_email,unknown,,2024-08-28,Sales
Alexa Rasmussen,brianwoodward@example.com,,114819,2022-07-14,
Sharon Kelly,eglover@example.net,28,N/A,1995-12-11,it
Mary Snyder,gloverdana@example.com,unknown,N/A,2019-03-18,HR
Miss Christy Miller,invalid_email,unknown,,1994-11-10,
Timothy Russell,iwhite@example.com,26,N/A,1992-02-21,Hr
Alex Smith,hgonzalez@example.org,,110061,1978-01-22,Sales
Crystal Stark,invalid_email,27,77931,1971-11-16,IT
Kristy Spencer,sreed@example.net,unknown,69993,1998-02-24,Sales
Mr. Shawn Kim,invalid_email,,,1971-08-02,Hr
Jason Tate,joneswilliam@example.net,,,1971-03-06,it
,heidi02@example.net,22,N/A,32-13-2020,Hr
Mr. Stanley Davis,invalid_email,60,30839,32-13-2020,it
Justin Hayes,ssheppard@example.net,unknown,41426,1985-02-18,it
,ubarry@example.com,,N/A,32-13-2020,
Jason Rivas,robinsonchristopher@example.com,unknown,N/A,2021-05-09,it
,theresarussell@example.com,unknown,60176,32-13-2020,Hr
Joyce Prince,nataliewilliamson@example.net,56,30918,32-13-2020,it
Gerald Davis,tbutler@example.net,36,,32-13-2020,Sales
Kim Smith,bellaaron@example.com,39,,2025-09-08,Sales
Robert Herring,robert94@example.net,,N/A,32-13-2020,Hr
Norma King,katherine72@example.net,,N/A,1994-05-04,Hr
Heather Merritt,mollywilson@example.com,40,,1998-10-04,Sales
Kimberly Sanders,carterbrittany@example.org,unknown,,32-13-2020,
Matthew Allen,harringtonheather@example.net,53,N/A,32-13-2020,HR
Karen Leon,kholland@example.org,,N/A,32-13-2020,
Mitchell Hill,david59@example.com,unknown,58286,1975-06-05,Sales
Miss Stephanie Adams,invalid_email,,43122,2008-08-05,Hr
William Meza,flowerskenneth@example.org,57,N/A,1987-08-21,it
Ernest Knapp,sarah71@example.org,,N/A,1982-02-12,it
Ray Butler,mcdonaldstuart@example.org,unknown,,2006-12-23,Hr
Jose Carrillo,andrewwilson@example.net,unknown,N/A,1971-12-08,HR
Jodi Moore,cnewton@example.net,,,2023-08-03,
Frederick Anderson,ysosa@example.com,,N/A,2014-07-23,Hr
Kristi Cruz,summer51@example.com,42,,2022-09-28,Sales
Brian Wilcox,perezjonathan@example.net,40,104222,2001-10-31,Sales
Elizabeth Travis,martinezjacob@example.org,41,N/A,32-13-2020,IT
Diane Fischer,edwardsandrew@example.org,,,1981-05-08,it
Paul Davis,invalid_email,,,1977-04-20,Hr
Mikayla Beltran,colemanantonio@example.net,unknown,N/A,2004-07-08,Sales
Christina Rodriguez,bchung@example.net,unknown,N/A,32-13-2020,Sales
Carol Bender,kimberly89@example.com,unknown,,32-13-2020,HR
Kyle Gutierrez Jr.,andersonbonnie@example.org,49,,1984-08-05,Sales
Zachary Davidson,amy18@example.org,38,N/A,32-13-2020,
Christian Brown,invalid_email,unknown,N/A,1984-06-21,it
Stephanie Patterson,esparzachristopher@example.com,52,N/A,2008-12-28,it
Brandi Hughes,rpitts@example.net,unknown,N/A,1982-05-23,IT
Miss Denise Ellis,nboyd@example.net,32,,32-13-2020,
Tiffany Gomez,jasonsoto@example.org,50,,1995-11-14,HR
Gregory Gibson,nicoleparker@example.net,,,1987-07-18,Hr
,opowell@example.com,,61160,1971-02-23,Hr
Michelle Alexander,charles79@example.com,,,1977-06-09,IT
Marc Ross,yshields@example.org,unknown,N/A,2025-06-11,HR
Lisa Navarro,garrettelizabeth@example.com,,,2016-12-07,
Nancy Jones,amber70@example.net,58,N/A,2003-09-16,Sales
Alex Smith,hgonzalez@example.org,,110061,1978-01-22,Sales
Alexandria Mckinney,rachel31@example.net,53,N/A,1988-08-12,HR
Isabel Roberts,invalid_email,,33125,1972-11-24,it
Cheyenne Hensley,invalid_email,39,59980,2002-11-01,HR
Mary Johnson,invalid_email,unknown,,32-13-2020,it
Robert Rios,sphelps@example.org,unknown,N/A,2012-09-04,Hr
Caitlin Lowery,antonio20@example.org,,73938,1985-05-02,HR
Rebecca Hodge,victoria20@example.com,18,N/A,32-13-2020,it
Felicia Brown,invalid_email,,,1981-08-09,Hr
Kenneth Terrell,tmatthews@example.net,,,1970-02-26,IT
David Evans,invalid_email,28,109436,1990-04-16,IT
Julia Dyer,jonathancarter@example.com,60,N/A,2004-09-01,IT
George Branch,shannonsalas@example.net,33,51950,1994-11-20,HR
Natasha Jarvis,james99@example.net,24,36284,2014-01-08,IT
Isaac Harris,flynnkevin@example.com,,67265,2024-08-03,HR
Shannon Hampton,invalid_email,,N/A,2021-02-10,Sales
Matthew Allen,harringtonheather@example.net,53,N/A,32-13-2020,HR
Heather Merritt,mollywilson@example.com,40,,1998-10-04,Sales
Erin Bailey,karen24@example.org,56,31967,1997-03-03,IT
Robert White,invalid_email,,90415,1985-06-10,Sales
Derek Smith,gcruz@example.net,unknown,,2001-07-21,Sales
Lindsay Stone,jjenkins@example.net,unknown,44382,1998-04-16,Hr
Kelly Williams,hensoncatherine@example.com,,N/A,2011-10-08,it
,invalid_email,,N/A,1982-06-28,
Peter Smith,bushjack@example.net,,N/A,1990-04-28,Hr
Jeffrey Smith,jennifer13@example.org,unknown,N/A,1992-03-15,HR
